{"rmse": 3693.4006245316928, "mae": 1639.099304951565, "r2": 0.8532598308104439}